# Host: localhost  (Version: 5.5.47)
# Date: 2018-07-31 10:43:33
# Generator: MySQL-Front 5.3  (Build 4.234)

/*!40101 SET NAMES utf8 */;

#
# Structure for table "address"
#

DROP TABLE IF EXISTS `address`;
CREATE TABLE `address` (
  `addressId` int(11) NOT NULL AUTO_INCREMENT COMMENT '收货地址编号',
  `userId` int(11) DEFAULT NULL COMMENT '用户编号',
  `address` varchar(100) CHARACTER SET utf8 DEFAULT NULL COMMENT '收货地址',
  `name` varchar(50) CHARACTER SET utf8 DEFAULT NULL COMMENT '收件人名字',
  `phone` varchar(11) CHARACTER SET utf8 DEFAULT NULL COMMENT '收件电话',
  `postcode` int(11) DEFAULT NULL COMMENT '收件邮编',
  `remark` varchar(100) CHARACTER SET utf8 DEFAULT NULL COMMENT '备注',
  PRIMARY KEY (`addressId`),
  KEY `FK_Reference_8` (`userId`)
) ENGINE=MyISAM AUTO_INCREMENT=19 DEFAULT CHARSET=gbk COMMENT='收货地址表';

#
# Data for table "address"
#

/*!40000 ALTER TABLE `address` DISABLE KEYS */;
INSERT INTO `address` VALUES (1,1,'湖北省宜昌市','王pp','13038594574',43200,''),(2,4,'陕西省安康市','春草','18596212566',23333,'二道河猫沟23号'),(3,4,'湖北省宜昌市','胡平平','13954214523',43200,'西陵区欣苑'),(10,4,'河北省邢台市沙河市','灵超','13035241236',610000,'living'),(16,7,'山西省晋城市陵川县','www','185925211',610000,'世外桃源'),(17,4,'山西省阳泉市城区','哈哈哈哈','13038541201',610000,'web'),(18,4,'山西省朔州市右玉县','1111','13025412301',610000,'4555555');
/*!40000 ALTER TABLE `address` ENABLE KEYS */;

#
# Structure for table "collections"
#

DROP TABLE IF EXISTS `collections`;
CREATE TABLE `collections` (
  `collectId` int(11) NOT NULL AUTO_INCREMENT,
  `userId` int(11) DEFAULT NULL,
  `goodId` varchar(50) CHARACTER SET utf8 DEFAULT NULL,
  PRIMARY KEY (`collectId`),
  KEY `FK_Reference_16` (`userId`),
  KEY `FK_Reference_17` (`goodId`)
) ENGINE=MyISAM AUTO_INCREMENT=12 DEFAULT CHARSET=gbk;

#
# Data for table "collections"
#

/*!40000 ALTER TABLE `collections` DISABLE KEYS */;
INSERT INTO `collections` VALUES (1,1,'1'),(2,1,'2'),(5,4,'1'),(6,4,'20'),(7,4,'50'),(8,4,'3'),(9,4,'28'),(10,4,'48'),(11,4,'29');
/*!40000 ALTER TABLE `collections` ENABLE KEYS */;

#
# Structure for table "goodbrand"
#

DROP TABLE IF EXISTS `goodbrand`;
CREATE TABLE `goodbrand` (
  `brandId` int(11) NOT NULL AUTO_INCREMENT,
  `brandName` varchar(50) CHARACTER SET utf8 DEFAULT NULL COMMENT '品牌名称',
  `brandLogoPath` varchar(50) CHARACTER SET utf8 DEFAULT NULL COMMENT '品牌Logo',
  PRIMARY KEY (`brandId`)
) ENGINE=MyISAM AUTO_INCREMENT=129 DEFAULT CHARSET=gbk;

#
# Data for table "goodbrand"
#

/*!40000 ALTER TABLE `goodbrand` DISABLE KEYS */;
INSERT INTO `goodbrand` VALUES (1,'施华洛世奇','brand6.jpg'),(2,'雷达','brand1.jpg'),(3,'劳力士','brand2.jpg'),(4,'古奇','brand3.jpg'),(5,'迪奥','brand4.jpg'),(6,'香奈儿','brand5.jpg'),(45,'路易威登','brand7.jpg'),(46,'香奈儿','brand5.jpg'),(47,'香奈儿','brand5.jpg'),(48,'香奈儿','brand5.jpg'),(49,'香奈儿','brand5.jpg'),(50,'香奈儿','brand5.jpg'),(51,'香奈儿','brand5.jpg'),(52,'香奈儿','brand5.jpg'),(53,'香奈儿','brand5.jpg'),(54,'香奈儿','brand5.jpg'),(55,'香奈儿','brand5.jpg'),(56,'香奈儿','brand5.jpg'),(57,'香奈儿','brand5.jpg'),(58,'香奈儿','brand5.jpg'),(59,'路易威登','brand7.jpg'),(60,'香奈儿','brand5.jpg'),(61,'香奈儿','brand5.jpg'),(62,'香奈儿','brand5.jpg'),(63,'香奈儿','brand5.jpg'),(64,'香奈儿','brand5.jpg'),(65,'香奈儿','brand5.jpg'),(66,'香奈儿','brand5.jpg'),(67,'香奈儿','brand5.jpg'),(68,'香奈儿','brand5.jpg'),(69,'香奈儿','brand5.jpg'),(70,'香奈儿','brand5.jpg'),(71,'香奈儿','brand5.jpg'),(72,'香奈儿','brand5.jpg'),(73,'香奈儿','brand5.jpg'),(74,'香奈儿','brand5.jpg'),(75,'香奈儿','brand5.jpg'),(76,'香奈儿','brand5.jpg'),(77,'香奈儿','brand5.jpg'),(78,'香奈儿','brand5.jpg'),(79,'香奈儿','brand5.jpg'),(80,'香奈儿','brand5.jpg'),(81,'香奈儿','brand5.jpg'),(82,'香奈儿','brand5.jpg'),(83,'香奈儿','brand5.jpg'),(84,'香奈儿','brand5.jpg'),(85,'香奈儿','brand5.jpg'),(86,'香奈儿','brand5.jpg'),(87,'香奈儿','brand5.jpg'),(88,'香奈儿','brand5.jpg'),(89,'香奈儿','brand5.jpg'),(90,'香奈儿','brand5.jpg'),(91,'香奈儿','brand5.jpg'),(92,'香奈儿','brand5.jpg'),(93,'香奈儿','brand5.jpg'),(94,'香奈儿','brand5.jpg'),(95,'香奈儿','brand5.jpg'),(96,'香奈儿','brand5.jpg'),(97,'香奈儿','brand5.jpg'),(98,'香奈儿','brand5.jpg'),(99,'香奈儿','brand5.jpg'),(100,'香奈儿','brand5.jpg'),(101,'香奈儿','brand5.jpg'),(102,'香奈儿','brand5.jpg'),(103,'香奈儿','brand5.jpg'),(104,'香奈儿','brand5.jpg'),(105,'香奈儿','brand5.jpg'),(106,'香奈儿','brand5.jpg'),(107,'香奈儿','brand5.jpg'),(108,'香奈儿','brand5.jpg'),(109,'香奈儿','brand5.jpg'),(110,'香奈儿','brand5.jpg'),(111,'香奈儿','brand5.jpg'),(112,'香奈儿','brand5.jpg'),(113,'香奈儿','brand5.jpg'),(114,'香奈儿','brand5.jpg'),(115,'香奈儿','brand5.jpg'),(116,'香奈儿','brand5.jpg'),(117,'香奈儿','brand5.jpg'),(118,'香奈儿','brand5.jpg'),(119,'香奈儿','brand5.jpg'),(120,'香奈儿','brand5.jpg'),(121,'香奈儿','brand5.jpg'),(122,'香奈儿','brand5.jpg'),(123,'香奈儿','brand5.jpg'),(124,'香奈儿','brand5.jpg'),(125,'香奈儿','brand5.jpg'),(126,'香奈儿','brand5.jpg'),(127,'香奈儿','brand5.jpg'),(128,'香奈儿','brand5.jpg');
/*!40000 ALTER TABLE `goodbrand` ENABLE KEYS */;

#
# Structure for table "gooddiscuss"
#

DROP TABLE IF EXISTS `gooddiscuss`;
CREATE TABLE `gooddiscuss` (
  `discussId` int(11) NOT NULL AUTO_INCREMENT,
  `goodId` varchar(50) CHARACTER SET utf8 DEFAULT NULL,
  `userId` int(11) DEFAULT NULL COMMENT '用户编号',
  `discussInfo` varchar(200) CHARACTER SET utf8 DEFAULT NULL COMMENT '评论内容',
  `score` int(11) DEFAULT NULL COMMENT '评论级别，满分5分',
  `createTime` datetime DEFAULT NULL COMMENT '创建时间',
  PRIMARY KEY (`discussId`),
  KEY `FK_Reference_6` (`goodId`),
  KEY `FK_Reference_7` (`userId`)
) ENGINE=MyISAM AUTO_INCREMENT=7 DEFAULT CHARSET=gbk;

#
# Data for table "gooddiscuss"
#

/*!40000 ALTER TABLE `gooddiscuss` DISABLE KEYS */;
INSERT INTO `gooddiscuss` VALUES (1,'1',1,'O-N-E-R oner oner',5,'2018-07-21 09:02:40'),(2,'1',2,'hhhhh',5,'2018-07-21 10:52:41'),(3,'1',3,'nihsdfe',4,'2018-07-21 10:53:00'),(4,'1',4,'lingchao',5,'2018-07-21 10:53:20'),(5,'1',5,'fdseffd',5,'2018-07-21 10:53:38'),(6,'1',6,'sdfdsf',3,'2018-07-21 10:54:05');
/*!40000 ALTER TABLE `gooddiscuss` ENABLE KEYS */;

#
# Structure for table "goods"
#

DROP TABLE IF EXISTS `goods`;
CREATE TABLE `goods` (
  `goodId` varchar(50) CHARACTER SET utf8 NOT NULL,
  `goodTypeId` int(11) DEFAULT NULL COMMENT '类型编号',
  `brandId` int(11) DEFAULT NULL COMMENT '品牌编号',
  `userId` int(11) DEFAULT NULL COMMENT '商品发布人',
  `goodName` varchar(50) CHARACTER SET utf8 DEFAULT NULL COMMENT '商品名称',
  `goodPrice` decimal(10,2) DEFAULT NULL COMMENT '售价',
  `goodStatus` tinyint(1) DEFAULT NULL COMMENT '是否上架',
  `isValid` tinyint(1) DEFAULT NULL,
  `goodCollect` int(11) DEFAULT NULL COMMENT '收藏量',
  `defaultPic` varchar(100) CHARACTER SET utf8 DEFAULT NULL,
  `goodStore` int(11) DEFAULT NULL COMMENT '库存量',
  `goodDiscount` decimal(2,1) DEFAULT NULL,
  `goodCreateTime` datetime DEFAULT NULL COMMENT '发布时间',
  PRIMARY KEY (`goodId`),
  KEY `FK_Reference_14` (`userId`),
  KEY `FK_Reference_3` (`goodTypeId`),
  KEY `FK_Reference_4` (`brandId`)
) ENGINE=MyISAM DEFAULT CHARSET=gbk;

#
# Data for table "goods"
#

/*!40000 ALTER TABLE `goods` DISABLE KEYS */;
INSERT INTO `goods` VALUES ('1',965,1,1,'钻石项链',19999.00,1,1,999,'diamond1.jpg',999,1.0,'2018-07-16 00:00:00'),('10',17,11,1,'卡西欧G-SHOCK手表',890.00,1,1,999,'brand10.jpg',888,1.0,'2018-07-24 22:11:37'),('11',10,12,1,'AK男装T恤',399.00,1,1,789,'brand11.jpg',999,1.0,'2018-07-24 22:20:28'),('12',10,13,1,'班尼路条纹T恤',99.00,1,1,244,'brand12.jpg',999,1.0,'2018-07-24 22:21:39'),('13',10,14,1,'七匹狼防晒夹克',299.00,1,1,522,'brand13.jpg',999,1.0,'2018-07-24 22:22:20'),('14',11,15,1,'丹慕妮尔真丝连衣裙',659.00,1,1,999,'brand14.jpg',999,1.0,'2018-07-24 22:23:58'),('15',11,16,1,'唐都名媛百搭T恤',158.00,1,1,888,'brand15.jpg',999,1.0,'2018-07-24 22:24:50'),('153294319124915',751,1,NULL,'短袖',99.00,1,1,NULL,'brand.jpg',999,1.0,'2018-07-30 17:33:11'),('153300264809751',3,NULL,NULL,'这不只是一本书',99.00,NULL,NULL,NULL,'ban_3.jpg',999,1.0,NULL),('16',15,17,1,'阿迪达斯男婴T恤',258.00,1,1,889,'brand16.jpg',999,1.0,'2018-07-24 22:26:38'),('17',8,18,1,'南极人床单四件套',199.00,1,1,888,'brand17.jpg',999,1.0,'2018-07-24 22:29:13'),('18',974,1,1,'周大福珠宝足金黄金项链',1172.00,1,1,999,'pro18.jpg',999,1.0,'2018-07-20 10:23:27'),('19',979,1,1,'十二生肖大眼精灵工艺金币',2940.00,1,1,857,'pro19.jpg',454,1.0,'2018-07-24 22:23:58'),('2',965,1,1,'APM Monaco银晶钻银河系项链',760.00,1,1,888,'pro2.jpg',888,1.0,'2018-07-16 10:00:00'),('20',982,1,1,'APM银蝴蝶项链 ',1460.00,1,1,548,'pro20.jpg',547,1.0,'2018-07-24 22:23:58'),('21',988,1,1,'CRD/克徕帝钻戒',40299.00,1,1,254,'pro21.jpg',142,1.0,'2018-07-24 22:24:50'),('22',251,3,1,'悦诗风吟火山岩泥洗面奶',70.00,1,1,576,'pro22.jpg',999,1.0,'2018-07-24 21:57:09'),('23',257,3,1,'资生堂可悠然 美肌沐浴露',89.00,1,1,999,'pro23.jpg',999,1.0,'2018-07-24 21:57:09'),('24',265,1,1,'中华牙膏魔丽迅白',26.90,1,1,786,'pro24.jpg',999,1.0,'2018-07-24 21:57:09'),('25',270,1,1,'全棉时代 奈丝公主卫生巾',90.90,1,1,546,'pro25.jpg',999,1.0,'2018-07-24 21:57:09'),('26',275,1,1,'霸王育发洗发水',108.00,1,1,567,'pro26.jpg',365,1.0,'2018-07-24 21:57:09'),('27',282,1,1,'香奈儿可可小姐香水',360.00,1,1,548,'c_1.jpg',254,1.0,'2018-07-24 21:57:09'),('28',298,1,1,'诺优能 荷兰进口 幼儿配方奶粉',150.00,1,1,578,'pro28.jpg',456,1.0,'2018-07-24 21:57:09'),('29',301,1,1,'合生元儿童益生菌',159.00,1,1,278,'pro29.jpg',786,1.0,'2018-07-24 21:57:09'),('3',994,1,1,'翡翠观音吊坠18K金扣',1388.00,1,1,999,'pro3.jpg',999,1.0,'2018-07-20 10:23:27'),('30',310,1,1,'帮宝适超薄干爽纸尿裤',123.50,1,1,573,'pro30.jpg',555,1.0,'2018-07-24 21:57:05'),('31',315,1,1,'威仑帝尔婴儿宝宝奶瓶',69.00,1,1,577,'pro31.jpg',785,1.0,'2018-07-24 21:57:09'),('32',323,1,1,'艾惟诺婴儿燕麦润肤乳',79.00,1,1,758,'pro32.jpg',785,1.0,'2018-07-24 21:57:09'),('33',332,1,1,'娇贝婴儿推车折叠',299.00,1,1,789,'pro33.jpg',785,1.0,'2018-07-24 21:57:09'),('34',635,1,1,'水星家纺四件套全棉',369.00,1,1,786,'pro34.jpg',687,1.0,'2018-07-24 21:57:09'),('35',649,1,1,'卧室陶瓷台灯华丽',225.00,1,1,786,'pro35.jpg',534,1.0,'2018-07-24 21:57:09'),('36',661,1,1,'收纳柜卫生间收纳柜',49.90,1,1,635,'pro36.jpg',545,1.0,'2018-07-24 21:57:09'),('37',668,1,1,'桌布布艺棉麻风小清新',59.00,1,1,357,'pro37.jpg',254,1.0,'2018-07-24 21:57:09'),('38',684,1,1,'心相印婴儿抽纸',72.90,1,1,357,'pro38.jpg',577,1.0,'2018-07-24 21:57:09'),('4',965,1,1,'蓝宝石项链',6999.00,1,1,999,'brand1.jpg',999,1.0,'2018-07-20 10:29:12'),('40',692,1,1,'皇家官方 室内成猫粮',276.00,1,1,278,'pro40.jpg',752,1.0,'2018-07-24 21:57:09'),('41',76,1,1,'小米电视4A 55英寸',2399.00,1,1,457,'pro41.jpg',578,1.0,'2018-07-24 21:57:09'),('42',90,1,1,'手持小风扇迷你可充电',69.00,1,1,786,'pro42.jpg',254,1.0,'2018-07-24 21:57:09'),('43',109,1,1,'海蒂诗便携式榨汁机',99.00,1,1,578,'pro43.jpg',354,1.0,'2018-07-24 21:57:09'),('44',127,1,1,'飞科男士剃须刀电动',99.00,1,1,489,'pro44.jpg',156,1.0,'2018-07-24 21:57:09'),('45',143,1,1,'木工电动工具多功能机',210.00,1,1,786,'pro45.jpg',875,1.0,'2018-07-24 21:57:09'),('46',421,NULL,1,'红旗月饼',4.00,1,1,999,'good6.jpg',999,1.0,'2018-07-16 10:00:00'),('47',426,NULL,1,'周字号精品铁观音',999.00,1,1,999,'good1.jpg',999,1.0,'2018-07-16 10:00:00'),('48',380,NULL,1,'盼盼法式小面包',20.00,1,1,999,'good1.jpg',999,1.0,'2018-07-25 11:38:00'),('49',387,NULL,1,'夷陵酥',6.00,1,1,999,'good2.jpg',999,1.0,'2018-07-20 10:23:27'),('5',1025,1,1,'珍珠项链',99.00,1,1,888,'brand1.jpg',888,1.0,'2018-07-24 21:46:49'),('50',398,NULL,1,'乐事薯片',7.00,1,1,999,'good3.jpg',999,1.0,'2018-07-20 10:23:27'),('51',406,NULL,1,'东北水晶大米',56.00,1,1,999,'good4.jpg',999,1.0,'2018-07-20 10:23:27'),('52',413,NULL,1,'康师傅矿泉水',2.00,1,1,999,'good5.jpg',999,1.0,'2018-07-20 10:23:27'),('6',560,7,1,'小米8',2699.00,1,1,999,'brand6.jpg',888,1.0,'2018-07-24 21:57:02'),('7',560,8,1,'荣耀Play',1999.00,1,1,999,'brand7.jpg',999,1.0,'2018-07-24 21:57:05'),('8',560,9,1,'华为P20',3699.00,1,1,999,'brand8.jpg',999,1.0,'2018-07-24 21:57:09'),('9',583,10,1,'尼康微单相机',1499.00,1,1,888,'brand9.jpg',999,1.0,'2018-07-24 22:08:37');
/*!40000 ALTER TABLE `goods` ENABLE KEYS */;

#
# Structure for table "goodstype"
#

DROP TABLE IF EXISTS `goodstype`;
CREATE TABLE `goodstype` (
  `goodTypeId` int(11) NOT NULL AUTO_INCREMENT,
  `goodTypeName` varchar(50) CHARACTER SET utf8 DEFAULT NULL COMMENT '类型名称',
  `parent` int(11) DEFAULT NULL,
  `hasChildren` int(11) DEFAULT NULL,
  PRIMARY KEY (`goodTypeId`)
) ENGINE=MyISAM AUTO_INCREMENT=1147 DEFAULT CHARSET=gbk;

#
# Data for table "goodstype"
#

/*!40000 ALTER TABLE `goodstype` DISABLE KEYS */;
INSERT INTO `goodstype` VALUES (1,'图书、音像、电子书刊',0,1),(2,'电子书刊',1,1),(3,'电子书',2,0),(4,'网络原创',2,0),(5,'数字杂志',2,0),(6,'多媒体图书',2,0),(7,'音像',1,1),(8,'音乐',7,0),(9,'影视',7,0),(10,'教育音像',7,0),(11,'英文原版',1,1),(12,'少儿',11,0),(13,'商务投资',11,0),(14,'英语学习与考试',11,0),(15,'小说',11,0),(16,'传记',11,0),(17,'励志',11,0),(18,'文艺',1,1),(19,'小说',18,0),(20,'文学',18,0),(21,'青春文学',18,0),(22,'传记',18,0),(23,'艺术',18,0),(24,'少儿',1,1),(25,'少儿',24,0),(26,'0-2岁',24,0),(27,'3-6岁',24,0),(28,'7-10岁',24,0),(29,'11-14岁',24,0),(30,'人文社科',1,1),(31,'历史',30,0),(32,'哲学',30,0),(33,'国学',30,0),(34,'政治/军事',30,0),(35,'法律',30,0),(36,'宗教',30,0),(37,'心理学',30,0),(38,'文化',30,0),(39,'社会科学',30,0),(40,'经管励志',1,1),(41,'经济',40,0),(42,'金融与投资',40,0),(43,'管理',40,0),(44,'励志与成功',40,0),(45,'生活',1,1),(46,'生活',45,0),(47,'健身与保健',45,0),(48,'家庭与育儿',45,0),(49,'旅游',45,0),(50,'动漫/幽默',45,0),(51,'科技',1,1),(52,'科技',51,0),(53,'工程',51,0),(54,'建筑',51,0),(55,'医学',51,0),(56,'科学与自然',51,0),(57,'计算机与互联网',51,0),(58,'体育/运动',51,0),(59,'教育',1,1),(60,'教材教辅',59,0),(61,'教育与考试',59,0),(62,'外语学习',59,0),(63,'新闻出版',59,0),(64,'语言文字',59,0),(65,'港台图书',1,1),(66,'艺术/设计/收藏',65,0),(67,'经济管理',65,0),(68,'文化/学术',65,0),(69,'少儿文学/国学',65,0),(70,'其它',1,1),(71,'工具书',70,0),(72,'影印版',70,0),(73,'套装书',70,0),(74,'家用电器',0,1),(75,'大 家 电',74,1),(76,'平板电视',75,0),(77,'空调',75,0),(78,'冰箱',75,0),(79,'洗衣机',75,0),(80,'家庭影院',75,0),(81,'DVD播放机',75,0),(82,'迷你音响',75,0),(83,'烟机/灶具',75,0),(84,'热水器',75,0),(85,'消毒柜/洗碗机',75,0),(86,'酒柜/冰吧/冷柜',75,0),(87,'家电配件',75,0),(88,'家电下乡',75,0),(89,'生活电器',74,1),(90,'电风扇',89,0),(91,'冷风扇',89,0),(92,'净化器',89,0),(93,'饮水机',89,0),(94,'净水设备',89,0),(95,'挂烫机/熨斗',89,0),(96,'吸尘器',89,0),(97,'电话机',89,0),(98,'插座',89,0),(99,'收录/音机',89,0),(100,'清洁机',89,0),(101,'加湿器',89,0),(102,'除湿机',89,0),(103,'取暖电器',89,0),(104,'其它生活电器',89,0),(105,'扫地机器人',89,0),(106,'干衣机',89,0),(107,'生活电器配件',89,0),(108,'厨房电器',74,1),(109,'料理/榨汁机',108,0),(110,'豆浆机',108,0),(111,'电饭煲',108,0),(112,'电压力锅',108,0),(113,'面包机',108,0),(114,'咖啡机',108,0),(115,'微波炉',108,0),(116,'电烤箱',108,0),(117,'电磁炉',108,0),(118,'电饼铛/烧烤盘',108,0),(119,'煮蛋器',108,0),(120,'酸奶机',108,0),(121,'电炖锅',108,0),(122,'电水壶/热水瓶',108,0),(123,'多用途锅',108,0),(124,'果蔬解毒机',108,0),(125,'其它厨房电器',108,0),(126,'个护健康',74,1),(127,'剃须刀',126,0),(128,'剃/脱毛器',126,0),(129,'口腔护理',126,0),(130,'电吹风',126,0),(131,'美容器',126,0),(132,'美发器',126,0),(133,'按摩椅',126,0),(134,'按摩器',126,0),(135,'足浴盆',126,0),(136,'血压计',126,0),(137,'健康秤/厨房秤',126,0),(138,'血糖仪',126,0),(139,'体温计',126,0),(140,'计步器/脂肪检测仪',126,0),(141,'其它健康电器',126,0),(142,'五金家装',74,1),(143,'电动工具',142,0),(144,'手动工具',142,0),(145,'仪器仪表',142,0),(146,'浴霸/排气扇',142,0),(147,'灯具',142,0),(148,'LED灯',142,0),(149,'洁身器',142,0),(150,'水槽',142,0),(151,'龙头',142,0),(152,'淋浴花洒',142,0),(153,'厨卫五金',142,0),(154,'家具五金',142,0),(155,'门铃',142,0),(156,'电气开关',142,0),(157,'插座',142,0),(158,'电工电料',142,0),(159,'监控安防',142,0),(160,'电线/线缆',142,0),(161,'电脑、办公',0,1),(162,'电脑整机',161,1),(163,'笔记本',162,0),(164,'超极本',162,0),(165,'游戏本',162,0),(166,'平板电脑',162,0),(167,'平板电脑配件',162,0),(168,'台式机',162,0),(169,'服务器/工作站',162,0),(170,'笔记本配件',162,0),(171,'电脑配件',161,1),(172,'CPU',171,0),(173,'主板',171,0),(174,'显卡',171,0),(175,'硬盘',171,0),(176,'SSD固态硬盘',171,0),(177,'内存',171,0),(178,'机箱',171,0),(179,'电源',171,0),(180,'显示器',171,0),(181,'刻录机/光驱',171,0),(182,'散热器',171,0),(183,'声卡/扩展卡',171,0),(184,'装机配件',171,0),(185,'组装电脑',171,0),(186,'外设产品',161,1),(187,'移动硬盘',186,0),(188,'U盘',186,0),(189,'鼠标',186,0),(190,'键盘',186,0),(191,'鼠标垫',186,0),(192,'摄像头',186,0),(193,'手写板',186,0),(194,'外置盒',186,0),(195,'插座',186,0),(196,'线缆',186,0),(197,'UPS电源',186,0),(198,'电脑工具',186,0),(199,'游戏设备',186,0),(200,'电玩',186,0),(201,'电脑清洁',186,0),(202,'网络产品',161,1),(203,'路由器',202,0),(204,'网卡',202,0),(205,'交换机',202,0),(206,'网络存储',202,0),(207,'4G/3G上网',202,0),(208,'网络盒子',202,0),(209,'网络配件',202,0),(210,'办公设备',161,1),(211,'投影机',210,0),(212,'投影配件',210,0),(213,'多功能一体机',210,0),(214,'打印机',210,0),(215,'传真设备',210,0),(216,'验钞/点钞机',210,0),(217,'扫描设备',210,0),(218,'复合机',210,0),(219,'碎纸机',210,0),(220,'考勤机',210,0),(221,'墨粉',210,0),(222,'收款/POS机',210,0),(223,'会议音频视频',210,0),(224,'保险柜',210,0),(225,'装订/封装机',210,0),(226,'安防监控',210,0),(227,'办公家具',210,0),(228,'白板',210,0),(229,'文具/耗材',161,1),(230,'硒鼓/墨粉',229,0),(231,'墨盒',229,0),(232,'色带',229,0),(233,'纸类',229,0),(234,'办公文具',229,0),(235,'学生文具',229,0),(236,'文件管理',229,0),(237,'财会用品',229,0),(238,'本册/便签',229,0),(239,'计算器',229,0),(240,'激光笔',229,0),(241,'笔类',229,0),(242,'画具画材',229,0),(243,'刻录碟片/附件',229,0),(244,'服务产品',161,1),(245,'上门服务',244,0),(246,'远程服务',244,0),(247,'电脑软件',244,0),(248,'京东服务',244,0),(249,'个护化妆',0,1),(250,'面部护肤',249,1),(251,'清洁',250,0),(252,'护肤',250,0),(253,'面膜',250,0),(254,'剃须',250,0),(255,'套装',250,0),(256,'身体护肤',249,1),(257,'沐浴',256,0),(258,'润肤',256,0),(259,'颈部',256,0),(260,'手足',256,0),(261,'纤体塑形',256,0),(262,'美胸',256,0),(263,'套装',256,0),(264,'口腔护理',249,1),(265,'牙膏/牙粉',264,0),(266,'牙刷/牙线',264,0),(267,'漱口水',264,0),(268,'套装',264,0),(269,'女性护理',249,1),(270,'卫生巾',269,0),(271,'卫生护垫',269,0),(272,'私密护理',269,0),(273,'脱毛膏',269,0),(274,'洗发护发',249,1),(275,'洗发',274,0),(276,'护发',274,0),(277,'染发',274,0),(278,'造型',274,0),(279,'假发',274,0),(280,'套装',274,0),(281,'香水彩妆',249,1),(282,'香水',281,0),(283,'底妆',281,0),(284,'腮红',281,0),(285,'眼部',281,0),(286,'唇部',281,0),(287,'美甲',281,0),(288,'美容工具',281,0),(289,'套装',281,0),(290,'钟表',0,1),(291,'钟表',290,1),(292,'男表',291,0),(293,'女表',291,0),(294,'儿童手表',291,0),(295,'座钟挂钟',291,0),(296,'母婴',0,1),(297,'奶粉',296,1),(298,'婴幼奶粉',297,0),(299,'成人奶粉',297,0),(300,'营养辅食',296,1),(301,'益生菌/初乳',300,0),(302,'米粉/菜粉',300,0),(303,'果泥/果汁',300,0),(304,'DHA',300,0),(305,'宝宝零食',300,0),(306,'钙铁锌/维生素',300,0),(307,'清火/开胃',300,0),(308,'面条/粥',300,0),(309,'尿裤湿巾',296,1),(310,'婴儿尿裤',309,0),(311,'拉拉裤',309,0),(312,'湿巾',309,0),(313,'成人尿裤',309,0),(314,'喂养用品',296,1),(315,'奶瓶奶嘴',314,0),(316,'吸奶器',314,0),(317,'暖奶消毒',314,0),(318,'碗盘叉勺',314,0),(319,'水壶/水杯',314,0),(320,'牙胶安抚',314,0),(321,'辅食料理机',314,0),(322,'洗护用品',296,1),(323,'宝宝护肤',322,0),(324,'宝宝洗浴',322,0),(325,'奶瓶清洗',322,0),(326,'驱蚊防蚊',322,0),(327,'理发器',322,0),(328,'洗衣液/皂',322,0),(329,'日常护理',322,0),(330,'座便器',322,0),(331,'童车童床',296,1),(332,'婴儿推车',331,0),(333,'餐椅摇椅',331,0),(334,'婴儿床',331,0),(335,'学步车',331,0),(336,'三轮车',331,0),(337,'自行车',331,0),(338,'电动车',331,0),(339,'扭扭车',331,0),(340,'滑板车',331,0),(341,'寝居服饰',296,1),(342,'婴儿外出服',341,0),(343,'婴儿内衣',341,0),(344,'婴儿礼盒',341,0),(345,'婴儿鞋帽袜',341,0),(346,'安全防护',341,0),(347,'家居床品',341,0),(348,'妈妈专区',296,1),(349,'妈咪包/背婴带',348,0),(350,'产后塑身',348,0),(351,'文胸/内裤',348,0),(352,'防辐射服',348,0),(353,'孕妇装',348,0),(354,'孕期营养',348,0),(355,'孕妈美容',348,0),(356,'待产/新生',348,0),(357,'月子装',348,0),(358,'童装童鞋',296,1),(359,'套装',358,0),(360,'上衣',358,0),(361,'裤子',358,0),(362,'裙子',358,0),(363,'内衣/家居服',358,0),(364,'羽绒服/棉服',358,0),(365,'亲子装',358,0),(366,'儿童配饰',358,0),(367,'礼服/演出服',358,0),(368,'运动鞋',358,0),(369,'皮鞋/帆布鞋',358,0),(370,'靴子',358,0),(371,'凉鞋',358,0),(372,'功能鞋',358,0),(373,'户外/运动服',358,0),(374,'安全座椅',296,1),(375,'提篮式',374,0),(376,'安全座椅',374,0),(377,'增高垫',374,0),(378,'食品饮料、保健食品',0,1),(379,'进口食品',378,1),(380,'饼干蛋糕',379,0),(381,'糖果/巧克力',379,0),(382,'休闲零食',379,0),(383,'冲调饮品',379,0),(384,'粮油调味',379,0),(385,'牛奶',379,0),(386,'地方特产',378,1),(387,'其他特产',386,0),(388,'新疆',386,0),(389,'北京',386,0),(390,'山西',386,0),(391,'内蒙古',386,0),(392,'福建',386,0),(393,'湖南',386,0),(394,'四川',386,0),(395,'云南',386,0),(396,'东北',386,0),(397,'休闲食品',378,1),(398,'休闲零食',397,0),(399,'坚果炒货',397,0),(400,'肉干肉脯',397,0),(401,'蜜饯果干',397,0),(402,'糖果/巧克力',397,0),(403,'饼干蛋糕',397,0),(404,'无糖食品',397,0),(405,'粮油调味',378,1),(406,'米面杂粮',405,0),(407,'食用油',405,0),(408,'调味品',405,0),(409,'南北干货',405,0),(410,'方便食品',405,0),(411,'有机食品',405,0),(412,'饮料冲调',378,1),(413,'饮用水',412,0),(414,'饮料',412,0),(415,'牛奶乳品',412,0),(416,'咖啡/奶茶',412,0),(417,'冲饮谷物',412,0),(418,'蜂蜜/柚子茶',412,0),(419,'成人奶粉',412,0),(420,'食品礼券',378,1),(421,'月饼',420,0),(422,'大闸蟹',420,0),(423,'粽子',420,0),(424,'卡券',420,0),(425,'茗茶',378,1),(426,'铁观音',425,0),(427,'普洱',425,0),(428,'龙井',425,0),(429,'绿茶',425,0),(430,'红茶',425,0),(431,'乌龙茶',425,0),(432,'花草茶',425,0),(433,'花果茶',425,0),(434,'养生茶',425,0),(435,'黑茶',425,0),(436,'白茶',425,0),(437,'其它茶',425,0),(438,'汽车用品',0,1),(439,'维修保养',438,1),(440,'润滑油',439,0),(441,'添加剂',439,0),(442,'防冻液',439,0),(443,'滤清器',439,0),(444,'火花塞',439,0),(445,'雨刷',439,0),(446,'车灯',439,0),(447,'后视镜',439,0),(448,'轮胎',439,0),(449,'轮毂',439,0),(450,'刹车片/盘',439,0),(451,'喇叭/皮带',439,0),(452,'蓄电池',439,0),(453,'底盘装甲/护板',439,0),(454,'贴膜',439,0),(455,'汽修工具',439,0),(456,'车载电器',438,1),(457,'导航仪',456,0),(458,'安全预警仪',456,0),(459,'行车记录仪',456,0),(460,'倒车雷达',456,0),(461,'蓝牙设备',456,0),(462,'时尚影音',456,0),(463,'净化器',456,0),(464,'电源',456,0),(465,'冰箱',456,0),(466,'吸尘器',456,0),(467,'美容清洗',438,1),(468,'车蜡',467,0),(469,'补漆笔',467,0),(470,'玻璃水',467,0),(471,'清洁剂',467,0),(472,'洗车工具',467,0),(473,'洗车配件',467,0),(474,'汽车装饰',438,1),(475,'脚垫',474,0),(476,'座垫',474,0),(477,'座套',474,0),(478,'后备箱垫',474,0),(479,'头枕腰靠',474,0),(480,'香水',474,0),(481,'空气净化',474,0),(482,'车内饰品',474,0),(483,'功能小件',474,0),(484,'车身装饰件',474,0),(485,'车衣',474,0),(486,'安全自驾',438,1),(487,'安全座椅',486,0),(488,'胎压充气',486,0),(489,'防盗设备',486,0),(490,'应急救援',486,0),(491,'保温箱',486,0),(492,'储物箱',486,0),(493,'自驾野营',486,0),(494,'摩托车装备',486,0),(495,'玩具乐器',0,1),(496,'适用年龄',495,1),(497,'0-6个月',496,0),(498,'6-12个月',496,0),(499,'1-3岁',496,0),(500,'3-6岁',496,0),(501,'6-14岁',496,0),(502,'14岁以上',496,0),(503,'遥控/电动',495,1),(504,'遥控车',503,0),(505,'遥控飞机',503,0),(506,'遥控船',503,0),(507,'机器人/电动',503,0),(508,'轨道/助力',503,0),(509,'毛绒布艺',495,1),(510,'毛绒/布艺',509,0),(511,'靠垫/抱枕',509,0),(512,'娃娃玩具',495,1),(513,'芭比娃娃',512,0),(514,'卡通娃娃',512,0),(515,'智能娃娃',512,0),(516,'模型玩具',495,1),(517,'仿真模型',516,0),(518,'拼插模型',516,0),(519,'收藏爱好',516,0),(520,'健身玩具',495,1),(521,'炫舞毯',520,0),(522,'爬行垫/毯',520,0),(523,'户外玩具',520,0),(524,'戏水玩具',520,0),(525,'动漫玩具',495,1),(526,'电影周边',525,0),(527,'卡通周边',525,0),(528,'网游周边',525,0),(529,'益智玩具',495,1),(530,'摇铃/床铃',529,0),(531,'健身架',529,0),(532,'早教启智',529,0),(533,'拖拉玩具',529,0),(534,'积木拼插',495,1),(535,'积木',534,0),(536,'拼图',534,0),(537,'磁力棒',534,0),(538,'立体拼插',534,0),(539,'DIY玩具',495,1),(540,'手工彩泥',539,0),(541,'绘画工具',539,0),(542,'情景玩具',539,0),(543,'创意减压',495,1),(544,'减压玩具',543,0),(545,'创意玩具',543,0),(546,'乐器相关',495,1),(547,'钢琴',546,0),(548,'电子琴',546,0),(549,'手风琴',546,0),(550,'吉他/贝斯',546,0),(551,'民族管弦乐器',546,0),(552,'西洋管弦乐',546,0),(553,'口琴/口风琴/竖笛',546,0),(554,'西洋打击乐器',546,0),(555,'各式乐器配件',546,0),(556,'电脑音乐',546,0),(557,'工艺礼品乐器',546,0),(558,'手机',0,1),(559,'手机通讯',558,1),(560,'手机',559,0),(561,'对讲机',559,0),(562,'运营商',558,1),(563,'购机送费',562,0),(564,'“0”元购机',562,0),(565,'选号中心',562,0),(566,'选号入网',562,0),(567,'手机配件',558,1),(568,'手机电池',567,0),(569,'蓝牙耳机',567,0),(570,'充电器/数据线',567,0),(571,'手机耳机',567,0),(572,'手机贴膜',567,0),(573,'手机存储卡',567,0),(574,'手机保护套',567,0),(575,'车载配件',567,0),(576,'iPhone 配件',567,0),(577,'创意配件',567,0),(578,'便携/无线音响',567,0),(579,'手机饰品',567,0),(580,'数码',0,1),(581,'摄影摄像',580,1),(582,'数码相机',581,0),(583,'单电/微单相机',581,0),(584,'单反相机',581,0),(585,'摄像机',581,0),(586,'拍立得',581,0),(587,'运动相机',581,0),(588,'镜头',581,0),(589,'户外器材',581,0),(590,'影棚器材',581,0),(591,'数码配件',580,1),(592,'存储卡',591,0),(593,'读卡器',591,0),(594,'滤镜',591,0),(595,'闪光灯/手柄',591,0),(596,'相机包',591,0),(597,'三脚架/云台',591,0),(598,'相机清洁',591,0),(599,'相机贴膜',591,0),(600,'机身附件',591,0),(601,'镜头附件',591,0),(602,'电池/充电器',591,0),(603,'移动电源',591,0),(604,'智能设备',580,1),(605,'智能手环',604,0),(606,'智能手表',604,0),(607,'智能眼镜',604,0),(608,'运动跟踪器',604,0),(609,'健康监测',604,0),(610,'智能配饰',604,0),(611,'智能家居',604,0),(612,'体感车',604,0),(613,'其他配件',604,0),(614,'时尚影音',580,1),(615,'MP3/MP4',614,0),(616,'智能设备',614,0),(617,'耳机/耳麦',614,0),(618,'音箱',614,0),(619,'高清播放器',614,0),(620,'MP3/MP4配件',614,0),(621,'麦克风',614,0),(622,'专业音频',614,0),(623,'数码相框',614,0),(624,'苹果配件',614,0),(625,'电子教育',580,1),(626,'电子词典',625,0),(627,'电纸书',625,0),(628,'录音笔',625,0),(629,'复读机',625,0),(630,'点读机/笔',625,0),(631,'学生平板',625,0),(632,'早教机',625,0),(633,'家居家装',0,1),(634,'家纺',633,1),(635,'床品套件',634,0),(636,'被子',634,0),(637,'枕芯',634,0),(638,'床单被罩',634,0),(639,'毯子',634,0),(640,'床垫/床褥',634,0),(641,'蚊帐',634,0),(642,'抱枕靠垫',634,0),(643,'毛巾浴巾',634,0),(644,'电热毯',634,0),(645,'窗帘/窗纱',634,0),(646,'布艺软饰',634,0),(647,'凉席',634,0),(648,'灯具',633,1),(649,'台灯',648,0),(650,'节能灯',648,0),(651,'装饰灯',648,0),(652,'落地灯',648,0),(653,'应急灯/手电',648,0),(654,'LED灯',648,0),(655,'吸顶灯',648,0),(656,'五金电器',648,0),(657,'筒灯射灯',648,0),(658,'吊灯',648,0),(659,'氛围照明',648,0),(660,'生活日用',633,1),(661,'收纳用品',660,0),(662,'雨伞雨具',660,0),(663,'浴室用品',660,0),(664,'缝纫/针织用品',660,0),(665,'洗晒/熨烫',660,0),(666,'净化除味',660,0),(667,'家装软饰',633,1),(668,'桌布/罩件',667,0),(669,'地毯地垫',667,0),(670,'沙发垫套/椅垫',667,0),(671,'相框/照片墙',667,0),(672,'装饰字画',667,0),(673,'节庆饰品',667,0),(674,'手工/十字绣',667,0),(675,'装饰摆件',667,0),(676,'保暖防护',667,0),(677,'帘艺隔断',667,0),(678,'墙贴/装饰贴',667,0),(679,'钟饰',667,0),(680,'花瓶花艺',667,0),(681,'香薰蜡烛',667,0),(682,'创意家居',667,0),(683,'清洁用品',633,1),(684,'纸品湿巾',683,0),(685,'衣物清洁',683,0),(686,'清洁工具',683,0),(687,'驱虫用品',683,0),(688,'家庭清洁',683,0),(689,'皮具护理',683,0),(690,'一次性用品',683,0),(691,'宠物生活',633,1),(692,'宠物主粮',691,0),(693,'宠物零食',691,0),(694,'医疗保健',691,0),(695,'家居日用',691,0),(696,'宠物玩具',691,0),(697,'出行装备',691,0),(698,'洗护美容',691,0),(699,'厨具',0,1),(700,'烹饪锅具',699,1),(701,'炒锅',700,0),(702,'煎锅',700,0),(703,'压力锅',700,0),(704,'蒸锅',700,0),(705,'汤锅',700,0),(706,'奶锅',700,0),(707,'锅具套装',700,0),(708,'煲类',700,0),(709,'水壶',700,0),(710,'火锅',700,0),(711,'刀剪菜板',699,1),(712,'菜刀',711,0),(713,'剪刀',711,0),(714,'刀具套装',711,0),(715,'砧板',711,0),(716,'瓜果刀/刨',711,0),(717,'多功能刀',711,0),(718,'厨房配件',699,1),(719,'保鲜盒',718,0),(720,'烘焙/烧烤',718,0),(721,'饭盒/提锅',718,0),(722,'储物/置物架',718,0),(723,'厨房DIY/小工具',718,0),(724,'水具酒具',699,1),(725,'塑料杯',724,0),(726,'运动水壶',724,0),(727,'玻璃杯',724,0),(728,'陶瓷/马克杯',724,0),(729,'保温杯',724,0),(730,'保温壶',724,0),(731,'酒杯/酒具',724,0),(732,'杯具套装',724,0),(733,'餐具',699,1),(734,'餐具套装',733,0),(735,'碗/碟/盘',733,0),(736,'筷勺/刀叉',733,0),(737,'一次性用品',733,0),(738,'果盘/果篮',733,0),(739,'茶具/咖啡具',699,1),(740,'整套茶具',739,0),(741,'茶杯',739,0),(742,'茶壶',739,0),(743,'茶盘茶托',739,0),(744,'茶叶罐',739,0),(745,'茶具配件',739,0),(746,'茶宠摆件',739,0),(747,'咖啡具',739,0),(748,'其他',739,0),(749,'服饰内衣',0,1),(750,'女装',749,1),(751,'T恤',750,0),(752,'衬衫',750,0),(753,'针织衫',750,0),(754,'雪纺衫',750,0),(755,'卫衣',750,0),(756,'马甲',750,0),(757,'连衣裙',750,0),(758,'半身裙',750,0),(759,'牛仔裤',750,0),(760,'休闲裤',750,0),(761,'打底裤',750,0),(762,'正装裤',750,0),(763,'小西装',750,0),(764,'短外套',750,0),(765,'风衣',750,0),(766,'毛呢大衣',750,0),(767,'真皮皮衣',750,0),(768,'棉服',750,0),(769,'羽绒服',750,0),(770,'大码女装',750,0),(771,'中老年女装',750,0),(772,'婚纱',750,0),(773,'打底衫',750,0),(774,'旗袍/唐装',750,0),(775,'加绒裤',750,0),(776,'吊带/背心',750,0),(777,'羊绒衫',750,0),(778,'短裤',750,0),(779,'皮草',750,0),(780,'礼服',750,0),(781,'仿皮皮衣',750,0),(782,'羊毛衫',750,0),(783,'设计师/潮牌',750,0),(784,'男装',749,1),(785,'衬衫',784,0),(786,'T恤',784,0),(787,'POLO衫',784,0),(788,'针织衫',784,0),(789,'羊绒衫',784,0),(790,'卫衣',784,0),(791,'马甲/背心',784,0),(792,'夹克',784,0),(793,'风衣',784,0),(794,'毛呢大衣',784,0),(795,'仿皮皮衣',784,0),(796,'西服',784,0),(797,'棉服',784,0),(798,'羽绒服',784,0),(799,'牛仔裤',784,0),(800,'休闲裤',784,0),(801,'西裤',784,0),(802,'西服套装',784,0),(803,'大码男装',784,0),(804,'中老年男装',784,0),(805,'唐装/中山装',784,0),(806,'工装',784,0),(807,'真皮皮衣',784,0),(808,'加绒裤',784,0),(809,'卫裤/运动裤',784,0),(810,'短裤',784,0),(811,'设计师/潮牌',784,0),(812,'羊毛衫',784,0),(813,'内衣',749,1),(814,'文胸',813,0),(815,'女式内裤',813,0),(816,'男式内裤',813,0),(817,'睡衣/家居服',813,0),(818,'塑身美体',813,0),(819,'泳衣',813,0),(820,'吊带/背心',813,0),(821,'抹胸',813,0),(822,'连裤袜/丝袜',813,0),(823,'美腿袜',813,0),(824,'商务男袜',813,0),(825,'保暖内衣',813,0),(826,'情侣睡衣',813,0),(827,'文胸套装',813,0),(828,'少女文胸',813,0),(829,'休闲棉袜',813,0),(830,'大码内衣',813,0),(831,'内衣配件',813,0),(832,'打底裤袜',813,0),(833,'打底衫',813,0),(834,'秋衣秋裤',813,0),(835,'情趣内衣',813,0),(836,'服饰配件',749,1),(837,'太阳镜',836,0),(838,'光学镜架/镜片',836,0),(839,'围巾/手套/帽子套装',836,0),(840,'袖扣',836,0),(841,'棒球帽',836,0),(842,'毛线帽',836,0),(843,'遮阳帽',836,0),(844,'老花镜',836,0),(845,'装饰眼镜',836,0),(846,'防辐射眼镜',836,0),(847,'游泳镜',836,0),(848,'女士丝巾/围巾/披肩',836,0),(849,'男士丝巾/围巾',836,0),(850,'鸭舌帽',836,0),(851,'贝雷帽',836,0),(852,'礼帽',836,0),(853,'真皮手套',836,0),(854,'毛线手套',836,0),(855,'防晒手套',836,0),(856,'男士腰带/礼盒',836,0),(857,'女士腰带/礼盒',836,0),(858,'钥匙扣',836,0),(859,'遮阳伞/雨伞',836,0),(860,'口罩',836,0),(861,'耳罩/耳包',836,0),(862,'假领',836,0),(863,'毛线/布面料',836,0),(864,'领带/领结/领带夹',836,0),(865,'鞋靴',0,1),(866,'流行男鞋',865,1),(867,'商务休闲鞋',866,0),(868,'正装鞋',866,0),(869,'休闲鞋',866,0),(870,'凉鞋/沙滩鞋',866,0),(871,'男靴',866,0),(872,'功能鞋',866,0),(873,'拖鞋/人字拖',866,0),(874,'雨鞋/雨靴',866,0),(875,'传统布鞋',866,0),(876,'鞋配件',866,0),(877,'帆布鞋',866,0),(878,'增高鞋',866,0),(879,'工装鞋',866,0),(880,'定制鞋',866,0),(881,'时尚女鞋',865,1),(882,'高跟鞋',881,0),(883,'单鞋',881,0),(884,'休闲鞋',881,0),(885,'凉鞋',881,0),(886,'女靴',881,0),(887,'雪地靴',881,0),(888,'拖鞋/人字拖',881,0),(889,'踝靴',881,0),(890,'筒靴',881,0),(891,'帆布鞋',881,0),(892,'雨鞋/雨靴',881,0),(893,'妈妈鞋',881,0),(894,'鞋配件',881,0),(895,'特色鞋',881,0),(896,'鱼嘴鞋',881,0),(897,'布鞋/绣花鞋',881,0),(898,'马丁靴',881,0),(899,'坡跟鞋',881,0),(900,'松糕鞋',881,0),(901,'内增高',881,0),(902,'防水台',881,0),(903,'礼品箱包',0,1),(904,'潮流女包',903,1),(905,'钱包',904,0),(906,'手拿包/晚宴包',904,0),(907,'单肩包',904,0),(908,'双肩包',904,0),(909,'手提包',904,0),(910,'斜挎包',904,0),(911,'钥匙包',904,0),(912,'卡包/零钱包',904,0),(913,'精品男包',903,1),(914,'钱包/卡包',913,0),(915,'男士手包',913,0),(916,'商务公文包',913,0),(917,'双肩包',913,0),(918,'单肩/斜挎包',913,0),(919,'钥匙包',913,0),(920,'功能箱包',903,1),(921,'电脑包',920,0),(922,'拉杆箱/拉杆包',920,0),(923,'旅行包',920,0),(924,'旅行配件',920,0),(925,'休闲运动包',920,0),(926,'登山包',920,0),(927,'妈咪包',920,0),(928,'书包',920,0),(929,'相机包',920,0),(930,'腰包/胸包',920,0),(931,'礼品',903,1),(932,'火机烟具',931,0),(933,'礼品文具',931,0),(934,'军刀军具',931,0),(935,'收藏品',931,0),(936,'工艺礼品',931,0),(937,'创意礼品',931,0),(938,'礼盒礼券',931,0),(939,'鲜花绿植',931,0),(940,'婚庆用品',931,0),(941,'京东卡',931,0),(942,'美妆礼品',931,0),(943,'地方礼品',931,0),(944,'古董把玩',931,0),(945,'奢侈品',903,1),(946,'箱包',945,0),(947,'钱包',945,0),(948,'服饰',945,0),(949,'腰带',945,0),(950,'太阳镜/眼镜框',945,0),(951,'配件',945,0),(952,'鞋靴',945,0),(953,'饰品',945,0),(954,'名品腕表',945,0),(955,'高档化妆品',945,0),(956,'婚庆',903,1),(957,'婚嫁首饰',956,0),(958,'婚纱摄影',956,0),(959,'婚纱礼服',956,0),(960,'婚庆服务',956,0),(961,'婚庆礼品/用品',956,0),(962,'婚宴',956,0),(963,'珠宝',0,1),(964,'时尚饰品',963,1),(965,'项链',964,0),(966,'手链/脚链',964,0),(967,'戒指',964,0),(968,'耳饰',964,0),(969,'头饰',964,0),(970,'胸针',964,0),(971,'婚庆饰品',964,0),(972,'饰品配件',964,0),(973,'纯金K金饰品',963,1),(974,'吊坠/项链',973,0),(975,'手镯/手链/脚链',973,0),(976,'戒指',973,0),(977,'耳饰',973,0),(978,'金银投资',963,1),(979,'工艺金',978,0),(980,'工艺银',978,0),(981,'银饰',963,1),(982,'吊坠/项链',981,0),(983,'手镯/手链/脚链',981,0),(984,'戒指/耳饰',981,0),(985,'宝宝银饰',981,0),(986,'千足银手镯',981,0),(987,'钻石',963,1),(988,'裸钻',987,0),(989,'戒指',987,0),(990,'项链/吊坠',987,0),(991,'耳饰',987,0),(992,'手镯/手链',987,0),(993,'翡翠玉石',963,1),(994,'项链/吊坠',993,0),(995,'手镯/手串',993,0),(996,'戒指',993,0),(997,'耳饰',993,0),(998,'挂件/摆件/把件',993,0),(999,'高值收藏',993,0),(1000,'水晶玛瑙',963,1),(1001,'项链/吊坠',1000,0),(1002,'耳饰',1000,0),(1003,'手镯/手链/脚链',1000,0),(1004,'戒指',1000,0),(1005,'头饰/胸针',1000,0),(1006,'摆件/挂件',1000,0),(1007,'彩宝',963,1),(1008,'项链/吊坠',1007,0),(1009,'耳饰',1007,0),(1010,'手镯/手链',1007,0),(1011,'戒指',1007,0),(1012,'铂金',963,1),(1013,'项链/吊坠',1012,0),(1014,'手镯/手链/脚链',1012,0),(1015,'戒指',1012,0),(1016,'耳饰',1012,0),(1017,'天然木饰',963,1),(1018,'小叶紫檀',1017,0),(1019,'黄花梨',1017,0),(1020,'沉香',1017,0),(1021,'金丝楠',1017,0),(1022,'菩提',1017,0),(1023,'其他',1017,0),(1024,'珍珠',963,1),(1025,'项链',1024,0),(1026,'吊坠',1024,0),(1027,'耳饰',1024,0),(1028,'手链',1024,0),(1029,'戒指',1024,0),(1030,'胸针',1024,0),(1031,'运动健康',0,1),(1032,'运动鞋包',1031,1),(1033,'休闲鞋',1032,0),(1034,'板鞋',1032,0),(1035,'帆布鞋',1032,0),(1036,'专项运动鞋',1032,0),(1037,'跑步鞋',1032,0),(1038,'篮球鞋',1032,0),(1039,'足球鞋',1032,0),(1040,'训练鞋',1032,0),(1041,'乒羽网鞋',1032,0),(1042,'拖鞋',1032,0),(1043,'运动包',1032,0),(1044,'运动服饰',1031,1),(1045,'运动配饰',1044,0),(1046,'羽绒服',1044,0),(1047,'毛衫/线衫',1044,0),(1048,'乒羽网服',1044,0),(1049,'训练服',1044,0),(1050,'运动背心',1044,0),(1051,'卫衣/套头衫',1044,0),(1052,'夹克/风衣',1044,0),(1053,'T恤',1044,0),(1054,'棉服',1044,0),(1055,'运动裤',1044,0),(1056,'套装',1044,0),(1057,'骑行运动',1031,1),(1058,'折叠车',1057,0),(1059,'山地车/公路车',1057,0),(1060,'电动车',1057,0),(1061,'其他整车',1057,0),(1062,'骑行服',1057,0),(1063,'骑行装备',1057,0),(1064,'垂钓用品',1031,1),(1065,'鱼竿鱼线',1064,0),(1066,'浮漂鱼饵',1064,0),(1067,'钓鱼桌椅',1064,0),(1068,'钓鱼配件',1064,0),(1069,'钓箱鱼包',1064,0),(1070,'其它',1064,0),(1071,'游泳用品',1031,1),(1072,'泳镜',1071,0),(1073,'泳帽',1071,0),(1074,'游泳包防水包',1071,0),(1075,'女士泳衣',1071,0),(1076,'男士泳衣',1071,0),(1077,'比基尼',1071,0),(1078,'其它',1071,0),(1079,'户外鞋服',1031,1),(1080,'冲锋衣裤',1079,0),(1081,'速干衣裤',1079,0),(1082,'滑雪服',1079,0),(1083,'羽绒服/棉服',1079,0),(1084,'休闲衣裤',1079,0),(1085,'抓绒衣裤',1079,0),(1086,'软壳衣裤',1079,0),(1087,'T恤',1079,0),(1088,'户外风衣',1079,0),(1089,'功能内衣',1079,0),(1090,'军迷服饰',1079,0),(1091,'登山鞋',1079,0),(1092,'雪地靴',1079,0),(1093,'徒步鞋',1079,0),(1094,'越野跑鞋',1079,0),(1095,'休闲鞋',1079,0),(1096,'工装鞋',1079,0),(1097,'溯溪鞋',1079,0),(1098,'沙滩/凉拖',1079,0),(1099,'户外袜',1079,0),(1100,'户外装备',1031,1),(1101,'帐篷/垫子',1100,0),(1102,'睡袋/吊床',1100,0),(1103,'登山攀岩',1100,0),(1104,'背包',1100,0),(1105,'户外配饰',1100,0),(1106,'户外照明',1100,0),(1107,'户外仪表',1100,0),(1108,'户外工具',1100,0),(1109,'望远镜',1100,0),(1110,'旅游用品',1100,0),(1111,'便携桌椅床',1100,0),(1112,'野餐烧烤',1100,0),(1113,'军迷用品',1100,0),(1114,'救援装备',1100,0),(1115,'滑雪装备',1100,0),(1116,'极限户外',1100,0),(1117,'冲浪潜水',1100,0),(1118,'健身训练',1031,1),(1119,'综合训练器',1118,0),(1120,'其他大型器械',1118,0),(1121,'哑铃',1118,0),(1122,'仰卧板/收腹机',1118,0),(1123,'其他中小型器材',1118,0),(1124,'瑜伽舞蹈',1118,0),(1125,'武术搏击',1118,0),(1126,'健身车/动感单车',1118,0),(1127,'跑步机',1118,0),(1128,'运动护具',1118,0),(1129,'纤体瑜伽',1031,1),(1130,'瑜伽垫',1129,0),(1131,'瑜伽服',1129,0),(1132,'瑜伽配件',1129,0),(1133,'瑜伽套装',1129,0),(1134,'舞蹈鞋服',1129,0),(1135,'体育用品',1031,1),(1136,'羽毛球',1135,0),(1137,'乒乓球',1135,0),(1138,'篮球',1135,0),(1139,'足球',1135,0),(1140,'网球',1135,0),(1141,'排球',1135,0),(1142,'高尔夫',1135,0),(1143,'台球',1135,0),(1144,'棋牌麻将',1135,0),(1145,'轮滑滑板',1135,0),(1146,'其他',1135,0);
/*!40000 ALTER TABLE `goodstype` ENABLE KEYS */;

#
# Structure for table "itemparams"
#

DROP TABLE IF EXISTS `itemparams`;
CREATE TABLE `itemparams` (
  `itemId` int(11) NOT NULL AUTO_INCREMENT,
  `itemParams` varchar(100) DEFAULT NULL,
  PRIMARY KEY (`itemId`)
) ENGINE=MyISAM AUTO_INCREMENT=32 DEFAULT CHARSET=utf8;

#
# Data for table "itemparams"
#

/*!40000 ALTER TABLE `itemparams` DISABLE KEYS */;
INSERT INTO `itemparams` VALUES (37,'白色,21克拉'),(38,'紫色,3克拉'),(40,'白色,21克拉'),(41,'紫色,3克拉'),(42,'白色,21克拉');
/*!40000 ALTER TABLE `itemparams` ENABLE KEYS */;

#
# Structure for table "news"
#

DROP TABLE IF EXISTS `news`;
CREATE TABLE `news` (
  `newsId` int(11) NOT NULL AUTO_INCREMENT,
  `userId` int(11) DEFAULT NULL,
  `newsCreateTime` datetime DEFAULT NULL,
  `newsTitle` varchar(100) CHARACTER SET utf8 DEFAULT NULL,
  `newsInfo` text,
  `newsPicPath` varchar(50) CHARACTER SET utf8 DEFAULT NULL,
  PRIMARY KEY (`newsId`),
  KEY `FK_Reference_10` (`userId`)
) ENGINE=MyISAM AUTO_INCREMENT=9 DEFAULT CHARSET=gbk;

#
# Data for table "news"
#

/*!40000 ALTER TABLE `news` DISABLE KEYS */;
INSERT INTO `news` VALUES (1,1,'2018-07-16 10:00:00','今天是个好日子','2017年10月，以BC221练习生的身份发布首支单曲《如果你能感同我的身受》 \n2018年1月19日，参加选秀节目《偶像练习生》 [4]  。4月16日，岳岳、木子洋、卜凡、灵超作为坤音四子ONER组合成员的身份宣布即将出道 ，5月将举行粉丝线下见面会，8月举办正式出道发布会并发布全新专辑 [1-2]  。5月04日，参加央视五四晚会录制，并演唱《赞赞新时代》 [5-6]  。5月20日，参加湖南卫视《天天向上》综艺首秀 [7]  。5月21日，组合首次公开全新单曲《空间》 [8]  。6月14日，作为嘉宾参加爱奇艺综艺节目《机器人争霸》SP复活赛篇，担任复活大使行使神秘特权 [9-10]  。同日，参加深圳卫视《非常静距离》 [11]  。7月13日，参加上合组织国家电影节的开幕式，并演唱电影《红海行动》同名主题曲 [12] \n2017年10月，以BC221练习生的身份发布首支单曲《如果你能感同我的身受》 [3]  。\n2018年1月19日，参加选秀节目《偶像练习生》 [4]  。4月16日，岳岳、木子洋、卜凡、灵超作为坤音四子ONER组合成员的身份宣布即将出道 ，5月将举行粉丝线下见面会，8月举办正式出道发布会并发布全新专辑 [1-2]  。5月04日，参加央视五四晚会录制，并演唱《赞赞新时代》 [5-6]  。5月20日，参加湖南卫视《天天向上》综艺首秀 [7]  。5月21日，组合首次公开全新单曲《空间》 [8]  。6月14日，作为嘉宾参加爱奇艺综艺节目《机器人争霸》SP复活赛篇，担任复活大使行使神秘特权 [9-10]  。同日，参加深圳卫视《非常静距离》 [11]  。7月13日，参加上合组织国家电影节的开幕式，并演唱电影《红海行动》同名主题曲 [12] ','news1.jpg'),(2,1,'2018-07-20 21:30:22','走过路过不要错过','亏本大甩卖',NULL),(3,1,'2018-07-21 21:30:47','年中大促','年中好货，等你来抢',NULL),(4,1,'2018-07-22 21:30:51','清仓','清仓！！手慢无',NULL),(5,1,'2018-07-24 21:52:05','清凉一夏','这个夏天不再热',NULL),(6,1,'2018-07-24 21:52:52','送清凉啦','品质好物，让你清凉够',NULL),(7,1,'2018-07-24 21:53:45','吃货福利','各种零食大促销',NULL),(8,1,'2018-07-25 21:53:45','大促销，不点进来就亏了','哈哈哈哈哈哈黑白讲 拥抱',NULL);
/*!40000 ALTER TABLE `news` ENABLE KEYS */;

#
# Structure for table "orderitems"
#

DROP TABLE IF EXISTS `orderitems`;
CREATE TABLE `orderitems` (
  `orderItemId` int(11) NOT NULL AUTO_INCREMENT,
  `goodId` varchar(50) CHARACTER SET utf8 DEFAULT NULL,
  `orderId` int(11) DEFAULT NULL,
  `goodNum` int(11) DEFAULT NULL,
  `orderItemSum` decimal(10,2) DEFAULT NULL,
  PRIMARY KEY (`orderItemId`),
  KEY `FK_Reference_12` (`goodId`),
  KEY `FK_Reference_18` (`orderId`)
) ENGINE=MyISAM AUTO_INCREMENT=35 DEFAULT CHARSET=gbk;

#
# Data for table "orderitems"
#

/*!40000 ALTER TABLE `orderitems` DISABLE KEYS */;
INSERT INTO `orderitems` VALUES (40,'1',52,1,19999.00),(41,'1',52,1,19999.00),(42,'1',53,1,19999.00);
/*!40000 ALTER TABLE `orderitems` ENABLE KEYS */;

#
# Structure for table "orders"
#

DROP TABLE IF EXISTS `orders`;
CREATE TABLE `orders` (
  `orderId` int(11) NOT NULL AUTO_INCREMENT COMMENT '订单编号',
  `userId` int(11) DEFAULT NULL COMMENT '用户编号',
  `addressId` int(11) DEFAULT NULL,
  `orderSum` decimal(10,2) DEFAULT NULL COMMENT '价格合计',
  `orderState` int(11) DEFAULT NULL,
  `ordercreatedate` datetime DEFAULT NULL COMMENT '下单时间',
  PRIMARY KEY (`orderId`),
  KEY `FK_Reference_5` (`userId`),
  KEY `FK_Reference_9` (`addressId`)
) ENGINE=MyISAM AUTO_INCREMENT=50 DEFAULT CHARSET=gbk;

#
# Data for table "orders"
#

/*!40000 ALTER TABLE `orders` DISABLE KEYS */;
INSERT INTO `orders` VALUES (50,4,1,79996.00,2,'2018-07-31 09:42:55'),(51,4,1,0.00,0,'2018-07-31 09:56:02'),(52,4,1,39998.00,1,'2018-07-31 09:56:42'),(53,4,1,19999.00,2,'2018-07-31 10:22:21');
/*!40000 ALTER TABLE `orders` ENABLE KEYS */;

#
# Structure for table "param"
#

DROP TABLE IF EXISTS `param`;
CREATE TABLE `param` (
  `id` int(11) NOT NULL AUTO_INCREMENT,
  `goodId` varchar(50) CHARACTER SET utf8 DEFAULT NULL,
  `param` text,
  PRIMARY KEY (`id`),
  KEY `FK_Reference_19` (`goodId`)
) ENGINE=MyISAM AUTO_INCREMENT=5 DEFAULT CHARSET=gbk;

#
# Data for table "param"
#

/*!40000 ALTER TABLE `param` DISABLE KEYS */;
INSERT INTO `param` VALUES (1,'1','[{\"group\":\"主体\",\"params\":[{\"k\":\"品牌\",\"v\":\"通灵珠宝\"},{\"k\":\"商品名称\",\"v\":\"项链\"},{\"k\":\"上市时间\",\"v\":\"2018-7-28\"},{\"k\":\"颜色\",\"v\":\"紫色/白色/黑色\"},{\"k\":\"型号\",\"v\":\"21克拉/1克拉/3克拉\"},{\"k\":\"镶嵌方式\",\"v\":\"整钻\"}]}]'),(2,'153294319124915','[]'),(3,'153300264809731','[{\"group\":\"主体\",\"params\":[{\"k\":\"版本\",\"v\":\"1.1\"},{\"k\":\"更新日期\",\"v\":\"2018/7\"},{\"k\":\"作者\",\"v\":\"老胡\"}]}]'),(4,'153300264809751','[]');
/*!40000 ALTER TABLE `param` ENABLE KEYS */;

#
# Structure for table "pictures"
#

DROP TABLE IF EXISTS `pictures`;
CREATE TABLE `pictures` (
  `picId` int(11) NOT NULL AUTO_INCREMENT,
  `goodId` varchar(100) CHARACTER SET utf8 DEFAULT NULL,
  `picPath` varchar(100) CHARACTER SET utf8 DEFAULT NULL,
  PRIMARY KEY (`picId`),
  KEY `FK_Reference_15` (`goodId`)
) ENGINE=MyISAM AUTO_INCREMENT=8 DEFAULT CHARSET=gbk;

#
# Data for table "pictures"
#

/*!40000 ALTER TABLE `pictures` DISABLE KEYS */;
INSERT INTO `pictures` VALUES (1,'1','diamond2.jpg'),(2,'1','diamond3.jpg'),(3,'1','diamond4.jpg'),(4,'2','brand1.jpg'),(5,'1','diamond1.jpg'),(6,'1','diamond1.jpg'),(7,'1','diamond2.jpg');
/*!40000 ALTER TABLE `pictures` ENABLE KEYS */;

#
# Structure for table "typeparammodel"
#

DROP TABLE IF EXISTS `typeparammodel`;
CREATE TABLE `typeparammodel` (
  `modelId` int(11) NOT NULL AUTO_INCREMENT,
  `goodTypeId` int(11) DEFAULT NULL,
  `paramData` text,
  PRIMARY KEY (`modelId`),
  KEY `FK_Reference_20` (`goodTypeId`)
) ENGINE=MyISAM AUTO_INCREMENT=8 DEFAULT CHARSET=gbk;

#
# Data for table "typeparammodel"
#

/*!40000 ALTER TABLE `typeparammodel` DISABLE KEYS */;
INSERT INTO `typeparammodel` VALUES (1,965,'[{\"group\":\"主体\",\"params\":[\"品牌\",\"商品名称\",\"上市时间\",\"颜色\",\"主钻重量\",\"镶嵌方式\"]}]\0'),(5,751,'[{\"group\":\"主体\",\"params\":[\"型号\",\"颜色\",\"面料\"]}]'),(6,3,'[{\"group\":\"主体\",\"params\":[\"版本\",\"更新日期\",\"作者\"]}]');
/*!40000 ALTER TABLE `typeparammodel` ENABLE KEYS */;

#
# Structure for table "userinfo"
#

DROP TABLE IF EXISTS `userinfo`;
CREATE TABLE `userinfo` (
  `userId` int(11) NOT NULL AUTO_INCREMENT,
  `userType` int(11) DEFAULT NULL COMMENT '用户类型',
  `loginName` varchar(50) CHARACTER SET utf8 DEFAULT NULL COMMENT '登录账号',
  `password` varchar(50) CHARACTER SET utf8 DEFAULT NULL COMMENT '登录密码',
  `userName` varchar(50) CHARACTER SET utf8 DEFAULT NULL COMMENT '昵称',
  `phone` varchar(11) CHARACTER SET utf8 DEFAULT NULL COMMENT '联系电话',
  `createTime` datetime DEFAULT NULL COMMENT '注册时间',
  `score` int(11) DEFAULT NULL COMMENT '用户积分',
  `isValid` tinyint(1) DEFAULT NULL,
  PRIMARY KEY (`userId`)
) ENGINE=MyISAM AUTO_INCREMENT=12 DEFAULT CHARSET=gbk;

#
# Data for table "userinfo"
#

/*!40000 ALTER TABLE `userinfo` DISABLE KEYS */;
INSERT INTO `userinfo` VALUES (1,1,'www','123456','www','13025789654','2018-07-19 00:00:00',10,1),(2,1,'wp','132456','nihao','13025789654','2018-07-17 11:19:01',0,1),(3,1,'wzy','123456','nihaoooo','13025485963','2018-07-18 09:14:19',0,1),(4,1,'tom','123','tom','18520123544','2018-07-18 09:55:48',0,1),(5,1,'hp','123','woshihup','15963254122','2018-07-19 14:17:38',0,1),(6,1,'384','123456','dpyz','18590925090','2018-07-20 09:35:02',0,1),(7,1,'wang','123456','tom','13040974522','2018-07-26 11:16:02',0,1),(8,1,'hh','123456','qaq','13040111111','2018-07-27 16:45:23',0,1),(9,1,'zz','123456','zza','13011111111','2018-07-28 09:14:45',0,1),(10,1,'hello','123456','nike','18590241588','2018-07-31 09:38:34',0,1),(11,1,'huping','123456','laohu','13040777777','2018-07-31 09:55:42',0,1);
/*!40000 ALTER TABLE `userinfo` ENABLE KEYS */;
